timestamp,pages_shipped,commits,deploy_status,news_freshness,open_incidents,priority_for_next_hour
2026-04-17T07:30Z,0,1,skipped-prior-cycle,green-29min,1-uncommitted-wip-open,verify-vercel-build-of-9b63adb7-and-triage-790-file-wip
2026-04-18T21:46Z,0,0,skipped-no-runway,red-32h-stale,2-stale-data-feeds-and-735-wip,restart-news-briefing-and-notifications-feed-generators
2026-04-18T22:00Z,0,0,skipped-no-runway,red-33h-stale,3-stale-data-feeds-open-and-740wip,restart-news-and-notifications-generators-then-queue-content
2026-04-20T09:54Z,0,0,skipped-pipeline-dark-36h,red-36h-stale,5-scheduler-blackout-and-745wip-and-branch-diverged,root-cause-scheduler-blackout-and-restart-news-briefing-generator
2026-04-20T10:00Z,0,1,skipped-read-only-cycle-close,red-36h-stale,5-scheduler-blackout-still-open,next-cycle-clear-git-locks-and-restart-news-briefing-pipeline
2026-04-20T10:14Z,1,0,standup-only-ledger-lie-found,mixed-news-green-page-manifest-yellow,6-lock-eperm-and-branch-plus6-minus53-and-745wip,reconcile-local-master-against-origin-main-and-root-cause-index-lock-eperm
2026-04-20T10:58Z,0,0,skipped-branch-diverged-no-push-path,mixed-news-green-page-manifest-reconciled-on-origin,6-scheduler-blackout-and-index-lock-and-branch-plus6-minus53,rebase-local-master-onto-origin-main-then-cherry-pick-liquid-glass-polish
2026-04-20T10:59Z,0,0,skipped-read-only-cycle-close,green-news-54min-feed-current,5-scheduler-blackout-index-lock-branch-plus6-minus53-and-1-page-missing-jsonld,rebase-local-master-onto-origin-main-and-clear-index-lock-then-add-jsonld-to-crypto-security-masterclass
2026-04-20T11:14Z,1,1,agenda-written-reconcile-still-blocked,green-news-and-notif-matching-origin,6-eperm-third-hour-and-plus7-minus54-and-746wip-and-seo-flat-6.91,jefe-ask-reset-vs-rebase-and-rescope-ssr-burst-audit-to-full-54-commit-delta
2026-04-20T11:59Z,0,0,skipped-read-only-cycle-close-prod-green-on-origin-main-16fd2a10,green-news-49min-briefing-11-notif-current,5-scheduler-blackout-still-open-on-local-runner-and-index-lock-3rd-hour-and-branch-plus8-minus54-and-crypto-security-masterclass-missing-jsonld,build-cycle-clear-index-lock-and-rebase-local-master-onto-origin-main-then-add-jsonld-to-crypto-security-masterclass
2026-04-20T12:14Z,1,1,agenda-written-jefe-ask-still-gating,green-news-and-notif-matching-origin-briefing-12,5-carry-forward-jefe-ask-4h-plus8-minus55-746wip-seo-flat-6.91-lock-still-dancing,file-jefe-ask-doc-and-ship-community-drafts-and-dry-run-cherry-pick-in-throwaway-worktree
2026-04-20T12:58Z,0,0,skipped-queue-empty-branch-plus10-minus55-reconcile-blocked,green-news-54min-notif-52min-manifest-red-37h-dapps-red-37h,5-carry-forward-jefe-ask-5h-index-lock-4h-branch-plus10-minus55-746wip-seo-flat-6.91,file-jefe-ask-doc-and-reconcile-branch-and-restart-page-manifest-refresh
2026-04-20T12:59Z,0,0,skipped-read-only-cycle-close-origin-main-6358a31c-briefing-12-presumed-green-direct-curl-blocked-by-sandbox-egress,green-news-55min-notif-53min-briefing-12-manifest-red-37h-published-red-3d,5-carry-forward-scheduler-blackout-and-jefe-ask-5h-and-branch-plus10-minus55-and-746wip-and-index-lock-4h,answer-jefe-ask-on-reset-vs-rebase-then-clear-index-lock-and-unblock-reconcile-and-refresh-page-manifest
2026-04-20T13:59Z,0,0,skipped-read-only-cycle-close-origin-main-briefing-13-presumed-green-direct-curl-blocked-by-sandbox-egress-deploys-log-2h-stale,green-news-54min-notif-54min-briefing-13-ids-match-origin-byte-equal-manifest-red-local-but-reconciled-on-origin,6-carry-forward-build-cycle-runner-silent-5h-and-jefe-ask-5h-and-branch-plus11-minus56-and-746wip-and-index-lock-4h-and-seo-flat-6.91,build-cycle-diagnose-missing-runner-and-fallback-file-jefe-ask-doc-and-clear-index-lock-then-unblock-reconcile
2026-04-20T14:14Z,1,6,agenda-plus-jefe-ask-plus-missing-runner-plus-3-community-drafts-plus-agenda-all-shipped-from-standup-fallback,green-news-9min-notif-8min-briefing-14-ids-match-origin-byte-equal-4th-consecutive-hour,0-6h-carry-forward-flushed-this-cycle-jefe-ask-filed-missing-runner-diagnostic-filed-community-seeded-branch-plus11-minus57-748wip-seo-flat-6.91-index-lock-dance-succeeded,hour-15-will-execute-flat-task-list-format-change-plus-confirm-jefe-ask-visibility-plus-sitemap-dry-run
2026-04-20T14:58Z,0,0,skipped-read-only-cycle-close-prod-presumed-green-on-origin-main-5339da8f-direct-curl-blocked-by-sandbox-egress,green-news-53min-briefing-14-notif-current-4th-consecutive-hour-green-manifest-red-36h-stale-local-only-reconciled-on-origin,5-carry-forward-jefe-ask-6h-missing-runner-index-lock-eperm-5h-cherry-pick-dry-run-and-uncommitted-wip-no-new-incident-this-cycle,hour-15-answer-jefe-ask-to-unblock-reconcile-of-branch-plus57-minus12-and-clear-index-lock-then-restart-page-manifest-refresh-and-add-jsonld-to-crypto-security-masterclass
2026-04-20T15:14Z,0,1,agenda-written-flat-format-regime-begins-no-deploy-no-prod-change,green-news-4min-notif-4min-briefing-15-ids-match-origin-byte-equal-5th-consecutive-hour,8-carry-forward-jefe-ask-7h-missing-runner-24h-branch-plus12-minus58-746wip-seo-flat-6.91-sitemap-8d-stale-index-lock-green-2nd-cycle,hour-16-run-sitemap-dry-run-rehearsal-to-tmp-and-passive-check-jefe-ask-touch-status
2026-04-20T15:59Z,0,0,skipped-read-only-cycle-close-prod-presumed-green-on-origin-main-dfa87f76-direct-curl-blocked-by-sandbox-egress-no-new-commits-this-cycle,green-news-49min-briefing-15-5-stories-notif-feed-006-matches-aave-story-byte-equal-origin-6th-consecutive-hour,5-carry-forward-jefe-ask-7h-missing-runner-24h-branch-plus13-minus58-746wip-seo-flat-6.91-index-lock-green-3rd-cycle-no-new-incident-this-cycle,hour-17-answer-jefe-ask-to-unblock-reconcile-then-execute-sitemap-dry-run-from-tmp-and-add-jsonld-to-crypto-security-masterclass
2026-04-20T16:14Z,0,1,agenda-written-new-p1-wrong-domain-sitemap-no-prod-change,green-news-7min-briefing-16-notif-8min-byte-equal-origin-6th-consecutive-hour,9-new-p1-wrong-domain-sitemap-filed-carry-forward-jefe-ask-8h-missing-runner-25h-branch-plus13-minus59-746wip-seo-flat-6.91-index-lock-yellow-transient-reappear-dance-cleared,hour-17-jefe-q2-cherry-pick-authorization-then-regen-sitemap-standalone-commit-or-file-hour-18-overdue-ping-if-both-asks-still-untouched
